PA_0,PA0
PA_1,PA1
PA_2,PA2
PA_3,PA3
PA_4,PA4
PA_5,PA5
PA_6,PA6
PA_7,PA7
PA_8,PA8
PA_9,PA9
PA_10,PA10
PA_11,PA11
PA_12,PA12
PA_13,PA13
PA_14,PA14
PA_15,PA15
PB_0,PB0
PB_1,PB1
PB_2,PB2
PB_3,PB3
PB_4,PB4
PB_5,PB5
PB_6,PB6
PB_7,PB7
PB_8,PB8
PB_9,PB9
PB_10,PB10
PB_11,PB11
PB_12,PB12
PB_13,PB13
PB_14,PB14
PB_15,PB15
PC_0,PC0
PC_1,PC1
PC_2,PC2
PC_3,PC3
PC_4,PC4
PC_5,PC5
PC_6,PC6
PC_7,PC7
PC_8,PC8
PC_9,PC9
PC_10,PC10
PC_11,PC11
PC_12,PC12
PC_13,PC13
PC_14,PC14
PC_15,PC15
PD_2,PD2
PH_0,PH0
PH_1,PH1
SW,PC13
LED,PB13
